<?xml version="1.0" encoding="UTF-8"?>
<project-private xmlns="http://www.netbeans.org/ns/project-private/1">
    <editor-bookmarks xmlns="http://www.netbeans.org/ns/editor-bookmarks/2" lastBookmarkId="0"/>
    <open-files xmlns="http://www.netbeans.org/ns/projectui-open-files/2">
        <group>
            <file>file:/C:/Users/pokem/OneDrive/Escritorio/pWorksy/src/formularios/frmMenuPrincipalColaborador.java</file>
            <file>file:/C:/Users/pokem/OneDrive/Escritorio/pWorksy/src/formularios/frmMenuPrincipalCliente.java</file>
            <file>file:/C:/Users/pokem/OneDrive/Escritorio/pWorksy/src/formularios/frmLogin.java</file>
            <file>file:/C:/Users/pokem/OneDrive/Escritorio/pWorksy/src/formularios/MenuPrincipal.java</file>
            <file>file:/C:/Users/pokem/OneDrive/Escritorio/pWorksy/src/formularios/frmContacto.java</file>
            <file>file:/C:/Users/pokem/OneDrive/Escritorio/pWorksy/src/formularios/frmConfirmarColaborador.java</file>
            <file>file:/C:/Users/pokem/OneDrive/Escritorio/pWorksy/src/formularios/frmRegistro.java</file>
        </group>
    </open-files>
</project-private>
